Angular Velocity,Local Acceleration x,Local Acceleration y
[-0.0064864],[ 0.11435777],[-0.02101485]
[ 0.0024254],[ 0.93287909],[-0.12503496]
[-0.01068318],[ 0.12606423],[-0.10916606]
[ 1.49573706],[ 0.95355745],[-0.05835801]
[-0.00429038],[-0.11123731],[ 0.0037778]
[-0.0110756],[-0.11226135],[ 0.02979601]
[-0.00501685],[-0.02560458],[ 0.01510478]
[ 0.00606363],[-0.03968289],[-0.058056]
[-0.00965172],[-0.04914946],[ 0.01633435]
[-0.00887719],[ 0.06128515],[ 0.17170213]
